Day,Agent_Volume,Login_Volume,Payment_Volume,ChnagePlan_FeatureVolume,PaymentPlan_Update_Volumes,ProfileUpdate_Volume
1,35616,9960684,378228,31618,5579,45115
2,27686,14009139,307234,34580,5615,47371
3,63889,10359500,454081,37586,7222,58227
4,57930,7856106,397379,34668,6316,54921
5,90322,10248770,345569,31623,5629,50428
6,179397,9599537,366628,31768,5939,50284
7,174223,15952516,545774,38566,7459,59596
8,120976,13389684,295191,34877,5223,48501
9,88087,11913891,222522,37353,4193,44961
10,190246,14906555,390830,40653,6709,57845
11,179049,19430169,350614,36595,6877,56932
12,183042,14375501,332586,35095,6172,51936
13,184584,17090074,419230,36949,7091,56056
14,169051,13860774,638607,38918,7829,57784
15,114505,15043582,313843,34337,4884,47280
16,81651,11028906,229408,35418,4200,44620
17,198038,11825594,400161,42024,6280,63420
18,184925,12542245,360806,39125,6285,60609
19,180985,11166518,369108,39920,6964,60002
20,178952,9023405,408191,40237,7373,59592
21,164920,7011096,509974,39794,7698,57385
22,108528,8210507,269548,35111,4996,46008
23,82436,9517963,218139,35976,4817,54585
24,190772,9710612,380007,40265,6952,62475
25,190748,10152396,378736,39429,6974,64171
26,177028,13327703,342738,35015,5900,54995
27,187444,14992979,379696,35358,6492,52695
28,163276,10352926,614890,38516,9072,60207
29,112155,7694516,324966,35529,5945,46191
30,83590,3041879,287258,35450,5432,45242
1,192970,5452756,548757,40527,8738,65437
2,180529,4980940,417931,37896,7724,61103
3,174620,9284740,466723,41091,8081,61483
4,76560,5116007,300861,33251,5077,38898
5,161335,6642671,504852,38250,7231,59546
6,106381,5494424,290782,33138,5259,50600
7,81695,4672000,248030,34632,4902,46209
8,194417,4252091,401474,36141,6988,61196
9,178673,13516327,373663,34672,6951,60634
10,191627,18375834,308688,28499,6023,58194
11,192957,15031007,387275,33530,7581,74637
12,173204,19125407,545582,33169,8540,62529
13,109783,17278807,304023,30914,5559,45274
14,85459,14535899,247874,29566,4812,45105
15,201196,14870506,436570,31984,7431,59074
16,177450,16423027,363772,30031,7094,57120
17,169629,17933601,371320,31569,6582,58725
18,163546,15348546,319805,25505,6004,45276
19,159793,16633755,508490,30960,8192,55095
20,106558,19450536,273204,29432,5551,50337
21,75877,16488692,217484,28642,5008,43267
22,178786,15531879,365973,31078,7200,59008
23,166989,15669649,330562,29324,7128,55412
24,159906,18037492,294348,24865,6425,33918
